municipio,partido,votos,porcentaje
ALBERTI,FUERZA PATRIA,3179.0,49.83
ALBERTI,LA LIBERTAD AVANZA,1741.0,27.29
ALBERTI,SOMOS BUENOS AIRES,977.0,15.31
ALBERTI,FRENTE PATRIOTA FEDERAL,280.0,4.38
ALBERTI,UNION LIBERAL,52.0,0.81
ALBERTI,UNION Y LIBERTAD,32.0,0.5
ALBERTI,ES CON VOS ES CON NOSOTROS,27.0,0.42
ALBERTI,FTE DE IZQ. Y DE TRABAJADORES - UNIDAD,27.0,0.42
ALBERTI,VALORES REPUBLICANOS,15.0,0.23
ALBERTI,NUEVOS AIRES,13.0,0.2
ALBERTI,POTENCIA,11.0,0.17
ALBERTI,PARTIDO TIEMPO DE TODOS,7.0,0.1
ALBERTI,POLITICA OBRERA,7.0,0.1
ALBERTI,MOVIMIENTO AVANZADA SOCIALISTA,6.0,0.09
ALBERTI,CONSTRUYENDO PORVENIR,5.0,0.07
ALBERTI,PARTIDO LIBERTARIO,0.0,0.0
AYACUCHO,FUERZA PATRIA,4121.0,39.88
AYACUCHO,LA LIBERTAD AVANZA,2850.0,27.58
AYACUCHO,SOMOS BUENOS AIRES,2775.0,26.85
AYACUCHO,UNION LIBERAL,117.0,1.13
AYACUCHO,FTE DE IZQ. Y DE TRABAJADORES - UNIDAD,109.0,1.05
AYACUCHO,POTENCIA,76.0,0.73
AYACUCHO,UNION Y LIBERTAD,71.0,0.68
AYACUCHO,POLITICA OBRERA,55.0,0.53
AYACUCHO,VALORES REPUBLICANOS,47.0,0.45
AYACUCHO,MOVIMIENTO AVANZADA SOCIALISTA,35.0,0.33
AYACUCHO,CONSTRUYENDO PORVENIR,28.0,0.27
AYACUCHO,FRENTE PATRIOTA FEDERAL,26.0,0.25
AYACUCHO,PARTIDO TIEMPO DE TODOS,19.0,0.18
AYACUCHO,ES CON VOS ES CON NOSOTROS,2.0,0.01
AYACUCHO,PARTIDO LIBERTARIO,1.0,0.01
AZUL,LA LIBERTAD AVANZA,12095.0,35.63
AZUL,FUERZA PATRIA,12046.0,35.48
AZUL,SOMOS BUENOS AIRES,4383.0,12.91
AZUL,POTENCIA,2323.0,6.84
AZUL,FTE DE IZQ. Y DE TRABAJADORES - UNIDAD,878.0,2.58
AZUL,UNION Y LIBERTAD,853.0,2.51
AZUL,UNION LIBERAL,794.0,2.33
AZUL,VALORES REPUBLICANOS,136.0,0.4
AZUL,MOVIMIENTO AVANZADA SOCIALISTA,131.0,0.38
AZUL,CONSTRUYENDO PORVENIR,121.0,0.35
AZUL,FRENTE PATRIOTA FEDERAL,105.0,0.3
AZUL,PARTIDO TIEMPO DE TODOS,76.0,0.22
AZUL,PARTIDO LIBERTARIO,1.0,0.01
AZUL,ES CON VOS ES CON NOSOTROS,0.0,0.0
BALCARCE,LA LIBERTAD AVANZA,9027.0,37.32
BALCARCE,SOMOS BUENOS AIRES,6035.0,24.95
BALCARCE,FUERZA PATRIA,5316.0,21.97
BALCARCE,POTENCIA,2744.0,11.34
BALCARCE,FTE DE IZQ. Y DE TRABAJADORES - UNIDAD,238.0,0.98
BALCARCE,UNION Y LIBERTAD,219.0,0.9
BALCARCE,VALORES REPUBLICANOS,191.0,0.78
BALCARCE,POLITICA OBRERA,122.0,0.5
BALCARCE,MOVIMIENTO AVANZADA SOCIALISTA,111.0,0.45
BALCARCE,CONSTRUYENDO PORVENIR,73.0,0.3
BALCARCE,FRENTE PATRIOTA FEDERAL,52.0,0.21
BALCARCE,PARTIDO TIEMPO DE TODOS,51.0,0.21
BALCARCE,ES CON VOS ES CON NOSOTROS,4.0,0.01
BALCARCE,PARTIDO LIBERTARIO,2.0,0.01
BALCARCE,UNION LIBERAL,2.0,0.01
BOLIVAR,FUERZA PATRIA,7373.0,43.45
BOLIVAR,LA LIBERTAD AVANZA,5354.0,31.55
BOLIVAR,SOMOS BUENOS AIRES,2712.0,15.98
BOLIVAR,POTENCIA,543.0,3.2
BOLIVAR,FTE DE IZQ. Y DE TRABAJADORES - UNIDAD,447.0,2.63
BOLIVAR,UNION Y LIBERTAD,356.0,2.09
BOLIVAR,VALORES REPUBLICANOS,47.0,0.27
BOLIVAR,CONSTRUYENDO PORVENIR,40.0,0.23
BOLIVAR,MOVIMIENTO AVANZADA SOCIALISTA,39.0,0.22
BOLIVAR,PARTIDO TIEMPO DE TODOS,26.0,0.15
BOLIVAR,FRENTE PATRIOTA FEDERAL,25.0,0.14
BOLIVAR,UNION LIBERAL,6.0,0.03
BOLIVAR,ES CON VOS ES CON NOSOTROS,0.0,0.0
BOLIVAR,PARTIDO LIBERTARIO,0.0,0.0
BRAGADO,FUERZA PATRIA,9562.0,42.4
BRAGADO,LA LIBERTAD AVANZA,8695.0,38.55
BRAGADO,SOMOS BUENOS AIRES,2461.0,10.91
BRAGADO,ES CON VOS ES CON NOSOTROS,417.0,1.84
BRAGADO,FTE DE IZQ. Y DE TRABAJADORES - UNIDAD,360.0,1.59
BRAGADO,POTENCIA,319.0,1.41
BRAGADO,UNION Y LIBERTAD,174.0,0.77
BRAGADO,NUEVOS AIRES,158.0,0.7
BRAGADO,VALORES REPUBLICANOS,95.0,0.42
BRAGADO,POLITICA OBRERA,71.0,0.31
BRAGADO,MOVIMIENTO AVANZADA SOCIALISTA,66.0,0.29
BRAGADO,FRENTE PATRIOTA FEDERAL,60.0,0.26
BRAGADO,CONSTRUYENDO PORVENIR,59.0,0.26
BRAGADO,PARTIDO TIEMPO DE TODOS,43.0,0.19
BRAGADO,UNION LIBERAL,9.0,0.03
BRAGADO,PARTIDO LIBERTARIO,1.0,0.01
CAMPANA,FUERZA PATRIA,22987.0,41.45
CAMPANA,LA LIBERTAD AVANZA,22630.0,40.81
CAMPANA,PARTIDO LIBERTARIO,2834.0,5.11
CAMPANA,SOMOS BUENOS AIRES,1915.0,3.45
CAMPANA,FTE DE IZQ. Y DE TRABAJADORES - UNIDAD,1816.0,3.27
CAMPANA,POTENCIA,597.0,1.07
CAMPANA,UNION Y LIBERTAD,508.0,0.91
CAMPANA,POLITICA OBRERA,468.0,0.84
CAMPANA,ES CON VOS ES CON NOSOTROS,357.0,0.64
CAMPANA,UNION LIBERAL,323.0,0.58
CAMPANA,VALORES REPUBLICANOS,276.0,0.49
CAMPANA,MOVIMIENTO AVANZADA SOCIALISTA,250.0,0.45
CAMPANA,CONSTRUYENDO PORVENIR,195.0,0.35
CAMPANA,PARTIDO TIEMPO DE TODOS,190.0,0.34
CAMPANA,FRENTE PATRIOTA FEDERAL,101.0,0.18
CARLOS CASARES,FUERZA PATRIA,4663.0,45.15
CARLOS CASARES,LA LIBERTAD AVANZA,3548.0,34.35
CARLOS CASARES,SOMOS BUENOS AIRES,1084.0,10.49
CARLOS CASARES,POTENCIA,583.0,5.64
CARLOS CASARES,FTE DE IZQ. Y DE TRABAJADORES - UNIDAD,110.0,1.06
CARLOS CASARES,UNION Y LIBERTAD,92.0,0.89
CARLOS CASARES,UNION LIBERAL,49.0,0.47
CARLOS CASARES,NUEVOS AIRES,37.0,0.35
CARLOS CASARES,VALORES REPUBLICANOS,33.0,0.31
CARLOS CASARES,MOVIMIENTO AVANZADA SOCIALISTA,26.0,0.25
CARLOS CASARES,ES CON VOS ES CON NOSOTROS,25.0,0.24
CARLOS CASARES,POLITICA OBRERA,24.0,0.23
CARLOS CASARES,CONSTRUYENDO PORVENIR,23.0,0.22
CARLOS CASARES,FRENTE PATRIOTA FEDERAL,15.0,0.14
CARLOS CASARES,PARTIDO TIEMPO DE TODOS,9.0,0.08
CARLOS CASARES,PARTIDO LIBERTARIO,6.0,0.05
CARLOS TEJEDOR,FUERZA PATRIA,3982.0,56.84
CARLOS TEJEDOR,LA LIBERTAD AVANZA,1623.0,23.16
CARLOS TEJEDOR,SOMOS BUENOS AIRES,1244.0,17.75
CARLOS TEJEDOR,UNION Y LIBERTAD,41.0,0.58
CARLOS TEJEDOR,FTE DE IZQ. Y DE TRABAJADORES - UNIDAD,40.0,0.57
CARLOS TEJEDOR,POTENCIA,24.0,0.34
CARLOS TEJEDOR,CONSTRUYENDO PORVENIR,10.0,0.14
CARLOS TEJEDOR,ES CON VOS ES CON NOSOTROS,7.0,0.09
CARLOS TEJEDOR,UNION LIBERAL,7.0,0.09
CARLOS TEJEDOR,VALORES REPUBLICANOS,7.0,0.09
CARLOS TEJEDOR,FRENTE PATRIOTA FEDERAL,6.0,0.08
CARLOS TEJEDOR,NUEVOS AIRES,6.0,0.08
CARLOS TEJEDOR,MOVIMIENTO AVANZADA SOCIALISTA,3.0,0.04
CARLOS TEJEDOR,PARTIDO TIEMPO DE TODOS,3.0,0.04
CARLOS TEJEDOR,POLITICA OBRERA,2.0,0.02
CARLOS TEJEDOR,PARTIDO LIBERTARIO,0.0,0.0
CASTELLI,FUERZA PATRIA,2883.0,51.36
CASTELLI,LA LIBERTAD AVANZA,1334.0,23.76
CASTELLI,SOMOS BUENOS AIRES,740.0,13.18
CASTELLI,UNION LIBERAL,525.0,9.35
CASTELLI,UNION Y LIBERTAD,41.0,0.73
CASTELLI,FTE DE IZQ. Y DE TRABAJADORES - UNIDAD,33.0,0.58
CASTELLI,POTENCIA,17.0,0.3
CASTELLI,MOVIMIENTO AVANZADA SOCIALISTA,13.0,0.23
CASTELLI,VALORES REPUBLICANOS,7.0,0.12
CASTELLI,CONSTRUYENDO PORVENIR,6.0,0.1
CASTELLI,POLITICA OBRERA,6.0,0.1
CASTELLI,FRENTE PATRIOTA FEDERAL,5.0,0.08
CASTELLI,PARTIDO TIEMPO DE TODOS,3.0,0.05
CASTELLI,ES CON VOS ES CON NOSOTROS,0.0,0.0
CASTELLI,PARTIDO LIBERTARIO,0.0,0.0
CHACABUCO,FUERZA PATRIA,14198.0,49.56
CHACABUCO,LA LIBERTAD AVANZA,6982.0,24.37
CHACABUCO,SOMOS BUENOS AIRES,5412.0,18.89
CHACABUCO,POTENCIA,840.0,2.93
CHACABUCO,FTE DE IZQ. Y DE TRABAJADORES - UNIDAD,478.0,1.66
CHACABUCO,MOVIMIENTO AVANZADA SOCIALISTA,163.0,0.56
CHACABUCO,UNION Y LIBERTAD,132.0,0.46
CHACABUCO,NUEVOS AIRES,111.0,0.38
CHACABUCO,VALORES REPUBLICANOS,65.0,0.22
CHACABUCO,POLITICA OBRERA,54.0,0.18
CHACABUCO,ES CON VOS ES CON NOSOTROS,50.0,0.17
CHACABUCO,CONSTRUYENDO PORVENIR,49.0,0.17
CHACABUCO,FRENTE PATRIOTA FEDERAL,32.0,0.11
CHACABUCO,UNION LIBERAL,32.0,0.11
CHACABUCO,PARTIDO TIEMPO DE TODOS,26.0,0.09
CHACABUCO,PARTIDO LIBERTARIO,23.0,0.08
CHASCOMUS,FUERZA PATRIA,6793.0,32.61
CHASCOMUS,LA LIBERTAD AVANZA,6158.0,29.56
CHASCOMUS,SOMOS BUENOS AIRES,3939.0,18.91
CHASCOMUS,POTENCIA,2975.0,14.28
CHASCOMUS,FTE DE IZQ. Y DE TRABAJADORES - UNIDAD,438.0,2.1
CHASCOMUS,UNION Y LIBERTAD,243.0,1.16
CHASCOMUS,POLITICA OBRERA,75.0,0.36
CHASCOMUS,VALORES REPUBLICANOS,56.0,0.26
CHASCOMUS,MOVIMIENTO AVANZADA SOCIALISTA,53.0,0.25
CHASCOMUS,CONSTRUYENDO PORVENIR,33.0,0.15
CHASCOMUS,PARTIDO TIEMPO DE TODOS,26.0,0.12
CHASCOMUS,FRENTE PATRIOTA FEDERAL,23.0,0.11
CHASCOMUS,UNION LIBERAL,13.0,0.06
CHASCOMUS,PARTIDO LIBERTARIO,1.0,0.01
CHASCOMUS,ES CON VOS ES CON NOSOTROS,0.0,0.0
CHIVILCOY,FUERZA PATRIA,14443.0,42.05
CHIVILCOY,LA LIBERTAD AVANZA,10296.0,29.97
CHIVILCOY,SOMOS BUENOS AIRES,5304.0,15.44
CHIVILCOY,ES CON VOS ES CON NOSOTROS,1025.0,2.98
CHIVILCOY,FTE DE IZQ. Y DE TRABAJADORES - UNIDAD,924.0,2.69
CHIVILCOY,POTENCIA,717.0,2.08
CHIVILCOY,UNION LIBERAL,411.0,1.19
CHIVILCOY,NUEVOS AIRES,280.0,0.81
CHIVILCOY,UNION Y LIBERTAD,225.0,0.65
CHIVILCOY,VALORES REPUBLICANOS,166.0,0.48
CHIVILCOY,MOVIMIENTO AVANZADA SOCIALISTA,150.0,0.43
CHIVILCOY,CONSTRUYENDO PORVENIR,112.0,0.32
CHIVILCOY,POLITICA OBRERA,85.0,0.24
CHIVILCOY,PARTIDO LIBERTARIO,83.0,0.24
CHIVILCOY,FRENTE PATRIOTA FEDERAL,73.0,0.21
CHIVILCOY,PARTIDO TIEMPO DE TODOS,51.0,0.14
DOLORES,FUERZA PATRIA,9948.0,54.88
DOLORES,LA LIBERTAD AVANZA,4207.0,23.21
DOLORES,SOMOS BUENOS AIRES,3612.0,19.92
DOLORES,FTE DE IZQ. Y DE TRABAJADORES - UNIDAD,95.0,0.52
DOLORES,UNION Y LIBERTAD,64.0,0.35
DOLORES,POTENCIA,53.0,0.29
DOLORES,VALORES REPUBLICANOS,33.0,0.18
DOLORES,MOVIMIENTO AVANZADA SOCIALISTA,32.0,0.17
DOLORES,POLITICA OBRERA,23.0,0.12
DOLORES,FRENTE PATRIOTA FEDERAL,20.0,0.11
DOLORES,CONSTRUYENDO PORVENIR,18.0,0.09
DOLORES,PARTIDO TIEMPO DE TODOS,15.0,0.08
DOLORES,UNION LIBERAL,3.0,0.01
DOLORES,PARTIDO LIBERTARIO,2.0,0.01
DOLORES,ES CON VOS ES CON NOSOTROS,0.0,0.0
ESCOBAR,FUERZA PATRIA,63935.0,50.26
ESCOBAR,LA LIBERTAD AVANZA,44708.0,35.15
ESCOBAR,FTE DE IZQ. Y DE TRABAJADORES - UNIDAD,4481.0,3.52
ESCOBAR,SOMOS BUENOS AIRES,3840.0,3.01
ESCOBAR,UNION Y LIBERTAD,2339.0,1.83
ESCOBAR,UNION LIBERAL,1914.0,1.5
ESCOBAR,POTENCIA,1714.0,1.34
ESCOBAR,CONSTRUYENDO PORVENIR,748.0,0.58
ESCOBAR,POLITICA OBRERA,741.0,0.58
ESCOBAR,ES CON VOS ES CON NOSOTROS,644.0,0.5
ESCOBAR,MOVIMIENTO AVANZADA SOCIALISTA,586.0,0.46
ESCOBAR,VALORES REPUBLICANOS,579.0,0.45
ESCOBAR,PARTIDO TIEMPO DE TODOS,469.0,0.36
ESCOBAR,FRENTE PATRIOTA FEDERAL,468.0,0.36
ESCOBAR,PARTIDO LIBERTARIO,23.0,0.01
FLORENTINO AMEGHINO,FUERZA PATRIA,2108.0,38.79
FLORENTINO AMEGHINO,SOMOS BUENOS AIRES,1900.0,34.97
FLORENTINO AMEGHINO,LA LIBERTAD AVANZA,1307.0,24.05
FLORENTINO AMEGHINO,FTE DE IZQ. Y DE TRABAJADORES - UNIDAD,25.0,0.46
FLORENTINO AMEGHINO,POTENCIA,21.0,0.38
FLORENTINO AMEGHINO,UNION Y LIBERTAD,19.0,0.34
FLORENTINO AMEGHINO,ES CON VOS ES CON NOSOTROS,11.0,0.2
FLORENTINO AMEGHINO,NUEVOS AIRES,9.0,0.16
FLORENTINO AMEGHINO,VALORES REPUBLICANOS,8.0,0.14
FLORENTINO AMEGHINO,FRENTE PATRIOTA FEDERAL,5.0,0.09
FLORENTINO AMEGHINO,PARTIDO LIBERTARIO,5.0,0.09
FLORENTINO AMEGHINO,POLITICA OBRERA,5.0,0.09
FLORENTINO AMEGHINO,CONSTRUYENDO PORVENIR,4.0,0.07
FLORENTINO AMEGHINO,MOVIMIENTO AVANZADA SOCIALISTA,3.0,0.05
FLORENTINO AMEGHINO,PARTIDO TIEMPO DE TODOS,3.0,0.05
FLORENTINO AMEGHINO,UNION LIBERAL,0.0,0.0
GENERAL ALVARADO,LA LIBERTAD AVANZA,7616.0,36.13
GENERAL ALVARADO,FUERZA PATRIA,7291.0,34.59
GENERAL ALVARADO,SOMOS BUENOS AIRES,4518.0,21.43
GENERAL ALVARADO,POTENCIA,526.0,2.49
GENERAL ALVARADO,FTE DE IZQ. Y DE TRABAJADORES - UNIDAD,424.0,2.01
GENERAL ALVARADO,UNION Y LIBERTAD,237.0,1.12
GENERAL ALVARADO,MOVIMIENTO AVANZADA SOCIALISTA,107.0,0.5
GENERAL ALVARADO,POLITICA OBRERA,101.0,0.47
GENERAL ALVARADO,VALORES REPUBLICANOS,81.0,0.38
GENERAL ALVARADO,CONSTRUYENDO PORVENIR,68.0,0.32
GENERAL ALVARADO,FRENTE PATRIOTA FEDERAL,48.0,0.22
GENERAL ALVARADO,PARTIDO TIEMPO DE TODOS,41.0,0.19
GENERAL ALVARADO,ES CON VOS ES CON NOSOTROS,7.0,0.03
GENERAL ALVARADO,UNION LIBERAL,6.0,0.02
GENERAL ALVARADO,PARTIDO LIBERTARIO,3.0,0.01
GENERAL ALVEAR,FUERZA PATRIA,1577.0,36.21
GENERAL ALVEAR,LA LIBERTAD AVANZA,1078.0,24.75
GENERAL ALVEAR,SOMOS BUENOS AIRES,1065.0,24.45
GENERAL ALVEAR,POTENCIA,303.0,6.95
GENERAL ALVEAR,ES CON VOS ES CON NOSOTROS,124.0,2.84
GENERAL ALVEAR,UNION LIBERAL,123.0,2.82
GENERAL ALVEAR,UNION Y LIBERTAD,37.0,0.84
GENERAL ALVEAR,FTE DE IZQ. Y DE TRABAJADORES - UNIDAD,23.0,0.52
GENERAL ALVEAR,VALORES REPUBLICANOS,9.0,0.2
GENERAL ALVEAR,PARTIDO TIEMPO DE TODOS,7.0,0.16
GENERAL ALVEAR,CONSTRUYENDO PORVENIR,3.0,0.06
GENERAL ALVEAR,FRENTE PATRIOTA FEDERAL,3.0,0.06
GENERAL ALVEAR,MOVIMIENTO AVANZADA SOCIALISTA,3.0,0.06
GENERAL ALVEAR,PARTIDO LIBERTARIO,0.0,0.0
GENERAL ARENALES,FUERZA PATRIA,3013.0,34.97
GENERAL ARENALES,SOMOS BUENOS AIRES,2777.0,32.23
GENERAL ARENALES,LA LIBERTAD AVANZA,2461.0,28.56
GENERAL ARENALES,ES CON VOS ES CON NOSOTROS,138.0,1.6
GENERAL ARENALES,FTE DE IZQ. Y DE TRABAJADORES - UNIDAD,46.0,0.53
GENERAL ARENALES,UNION Y LIBERTAD,41.0,0.47
GENERAL ARENALES,NUEVOS AIRES,23.0,0.26
GENERAL ARENALES,POTENCIA,22.0,0.25
GENERAL ARENALES,VALORES REPUBLICANOS,22.0,0.25
GENERAL ARENALES,CONSTRUYENDO PORVENIR,15.0,0.17
GENERAL ARENALES,UNION LIBERAL,14.0,0.16
GENERAL ARENALES,POLITICA OBRERA,13.0,0.15
GENERAL ARENALES,MOVIMIENTO AVANZADA SOCIALISTA,11.0,0.12
GENERAL ARENALES,PARTIDO TIEMPO DE TODOS,10.0,0.11
GENERAL ARENALES,FRENTE PATRIOTA FEDERAL,9.0,0.1
GENERAL ARENALES,PARTIDO LIBERTARIO,0.0,0.0
GENERAL BELGRANO,FUERZA PATRIA,4133.0,40.3
GENERAL BELGRANO,LA LIBERTAD AVANZA,2923.0,28.5
GENERAL BELGRANO,SOMOS BUENOS AIRES,2746.0,26.77
GENERAL BELGRANO,FTE DE IZQ. Y DE TRABAJADORES - UNIDAD,129.0,1.25
GENERAL BELGRANO,UNION Y LIBERTAD,99.0,0.96
GENERAL BELGRANO,POTENCIA,55.0,0.53
GENERAL BELGRANO,POLITICA OBRERA,44.0,0.42
GENERAL BELGRANO,FRENTE PATRIOTA FEDERAL,29.0,0.28
GENERAL BELGRANO,MOVIMIENTO AVANZADA SOCIALISTA,27.0,0.26
GENERAL BELGRANO,VALORES REPUBLICANOS,27.0,0.26
GENERAL BELGRANO,CONSTRUYENDO PORVENIR,21.0,0.2
GENERAL BELGRANO,PARTIDO TIEMPO DE TODOS,15.0,0.14
GENERAL BELGRANO,UNION LIBERAL,7.0,0.06
GENERAL BELGRANO,ES CON VOS ES CON NOSOTROS,0.0,0.0
GENERAL BELGRANO,PARTIDO LIBERTARIO,0.0,0.0
GENERAL GUIDO,FUERZA PATRIA,929.0,48.51
GENERAL GUIDO,SOMOS BUENOS AIRES,534.0,27.88
GENERAL GUIDO,LA LIBERTAD AVANZA,405.0,21.14
GENERAL GUIDO,UNION Y LIBERTAD,15.0,0.78
GENERAL GUIDO,FTE DE IZQ. Y DE TRABAJADORES - UNIDAD,11.0,0.57
GENERAL GUIDO,FRENTE PATRIOTA FEDERAL,4.0,0.2
GENERAL GUIDO,POTENCIA,4.0,0.2
GENERAL GUIDO,CONSTRUYENDO PORVENIR,3.0,0.15
GENERAL GUIDO,MOVIMIENTO AVANZADA SOCIALISTA,3.0,0.15
GENERAL GUIDO,PARTIDO TIEMPO DE TODOS,3.0,0.15
GENERAL GUIDO,POLITICA OBRERA,3.0,0.15
GENERAL GUIDO,VALORES REPUBLICANOS,1.0,0.05
GENERAL GUIDO,ES CON VOS ES CON NOSOTROS,0.0,0.0
GENERAL GUIDO,PARTIDO LIBERTARIO,0.0,0.0
GENERAL GUIDO,UNION LIBERAL,0.0,0.0
GENERAL JUAN MADARIAGA,SOMOS BUENOS AIRES,4281.0,39.28
GENERAL JUAN MADARIAGA,FUERZA PATRIA,3146.0,28.87
GENERAL JUAN MADARIAGA,LA LIBERTAD AVANZA,2895.0,26.56
GENERAL JUAN MADARIAGA,FTE DE IZQ. Y DE TRABAJADORES - UNIDAD,160.0,1.46
GENERAL JUAN MADARIAGA,UNION Y LIBERTAD,106.0,0.97
GENERAL JUAN MADARIAGA,POTENCIA,72.0,0.66
GENERAL JUAN MADARIAGA,POLITICA OBRERA,62.0,0.56
GENERAL JUAN MADARIAGA,MOVIMIENTO AVANZADA SOCIALISTA,52.0,0.47
GENERAL JUAN MADARIAGA,CONSTRUYENDO PORVENIR,35.0,0.32
GENERAL JUAN MADARIAGA,VALORES REPUBLICANOS,31.0,0.28
GENERAL JUAN MADARIAGA,FRENTE PATRIOTA FEDERAL,26.0,0.23
GENERAL JUAN MADARIAGA,PARTIDO TIEMPO DE TODOS,25.0,0.22
GENERAL JUAN MADARIAGA,UNION LIBERAL,4.0,0.03
GENERAL JUAN MADARIAGA,PARTIDO LIBERTARIO,1.0,0.01
GENERAL JUAN MADARIAGA,ES CON VOS ES CON NOSOTROS,0.0,0.0
GENERAL LAS HERAS,FUERZA PATRIA,3520.0,35.92
GENERAL LAS HERAS,LA LIBERTAD AVANZA,2815.0,28.73
GENERAL LAS HERAS,ES CON VOS ES CON NOSOTROS,2204.0,22.49
GENERAL LAS HERAS,SOMOS BUENOS AIRES,868.0,8.85
GENERAL LAS HERAS,FTE DE IZQ. Y DE TRABAJADORES - UNIDAD,123.0,1.25
GENERAL LAS HERAS,UNION Y LIBERTAD,78.0,0.79
GENERAL LAS HERAS,POTENCIA,61.0,0.62
GENERAL LAS HERAS,UNION LIBERAL,41.0,0.41
GENERAL LAS HERAS,MOVIMIENTO AVANZADA SOCIALISTA,23.0,0.23
GENERAL LAS HERAS,POLITICA OBRERA,17.0,0.17
GENERAL LAS HERAS,CONSTRUYENDO PORVENIR,15.0,0.15
GENERAL LAS HERAS,VALORES REPUBLICANOS,15.0,0.15
GENERAL LAS HERAS,FRENTE PATRIOTA FEDERAL,11.0,0.11
GENERAL LAS HERAS,PARTIDO TIEMPO DE TODOS,6.0,0.06
GENERAL LAS HERAS,PARTIDO LIBERTARIO,0.0,0.0
GENERAL LAVALLE,FUERZA PATRIA,1118.0,33.37
GENERAL LAVALLE,SOMOS BUENOS AIRES,939.0,28.02
GENERAL LAVALLE,LA LIBERTAD AVANZA,644.0,19.22
GENERAL LAVALLE,POTENCIA,480.0,14.32
GENERAL LAVALLE,FRENTE PATRIOTA FEDERAL,104.0,3.1
GENERAL LAVALLE,FTE DE IZQ. Y DE TRABAJADORES - UNIDAD,29.0,0.86
GENERAL LAVALLE,UNION Y LIBERTAD,15.0,0.44
GENERAL LAVALLE,POLITICA OBRERA,6.0,0.17
GENERAL LAVALLE,CONSTRUYENDO PORVENIR,5.0,0.14
GENERAL LAVALLE,MOVIMIENTO AVANZADA SOCIALISTA,5.0,0.14
GENERAL LAVALLE,VALORES REPUBLICANOS,3.0,0.08
GENERAL LAVALLE,PARTIDO TIEMPO DE TODOS,1.0,0.02
GENERAL LAVALLE,UNION LIBERAL,1.0,0.02
GENERAL LAVALLE,ES CON VOS ES CON NOSOTROS,0.0,0.0
GENERAL LAVALLE,PARTIDO LIBERTARIO,0.0,0.0
GENERAL PAZ,FUERZA PATRIA,4336.0,58.49
GENERAL PAZ,LA LIBERTAD AVANZA,2710.0,36.55
GENERAL PAZ,SOMOS BUENOS AIRES,97.0,1.3
GENERAL PAZ,FTE DE IZQ. Y DE TRABAJADORES - UNIDAD,77.0,1.03
GENERAL PAZ,UNION Y LIBERTAD,64.0,0.86
GENERAL PAZ,POTENCIA,37.0,0.49
GENERAL PAZ,MOVIMIENTO AVANZADA SOCIALISTA,21.0,0.28
GENERAL PAZ,POLITICA OBRERA,19.0,0.25
GENERAL PAZ,CONSTRUYENDO PORVENIR,16.0,0.21
GENERAL PAZ,PARTIDO TIEMPO DE TODOS,16.0,0.21
GENERAL PAZ,VALORES REPUBLICANOS,11.0,0.14
GENERAL PAZ,FRENTE PATRIOTA FEDERAL,8.0,0.1
GENERAL PAZ,PARTIDO LIBERTARIO,1.0,0.01
GENERAL PAZ,ES CON VOS ES CON NOSOTROS,0.0,0.0
GENERAL PAZ,UNION LIBERAL,0.0,0.0
GENERAL PINTO,FUERZA PATRIA,3945.0,56.28
GENERAL PINTO,LA LIBERTAD AVANZA,1586.0,22.62
GENERAL PINTO,SOMOS BUENOS AIRES,1311.0,18.7
GENERAL PINTO,UNION Y LIBERTAD,49.0,0.69
GENERAL PINTO,FTE DE IZQ. Y DE TRABAJADORES - UNIDAD,46.0,0.65
GENERAL PINTO,NUEVOS AIRES,21.0,0.29
GENERAL PINTO,FRENTE PATRIOTA FEDERAL,10.0,0.14
GENERAL PINTO,POTENCIA,9.0,0.12
GENERAL PINTO,ES CON VOS ES CON NOSOTROS,7.0,0.09
GENERAL PINTO,MOVIMIENTO AVANZADA SOCIALISTA,7.0,0.09
GENERAL PINTO,POLITICA OBRERA,6.0,0.08
GENERAL PINTO,CONSTRUYENDO PORVENIR,4.0,0.05
GENERAL PINTO,PARTIDO TIEMPO DE TODOS,4.0,0.05
GENERAL PINTO,VALORES REPUBLICANOS,4.0,0.05
GENERAL PINTO,PARTIDO LIBERTARIO,0.0,0.0
GENERAL PINTO,UNION LIBERAL,0.0,0.0
GENERAL PUEYRREDON,LA LIBERTAD AVANZA,138337.0,52.05
GENERAL PUEYRREDON,FUERZA PATRIA,97602.0,36.72
GENERAL PUEYRREDON,FTE DE IZQ. Y DE TRABAJADORES - UNIDAD,8803.0,3.31
GENERAL PUEYRREDON,SOMOS BUENOS AIRES,4429.0,1.66
GENERAL PUEYRREDON,POTENCIA,2885.0,1.08
GENERAL PUEYRREDON,UNION Y LIBERTAD,2646.0,0.99
GENERAL PUEYRREDON,PARTIDO LIBERTARIO,2246.0,0.84
GENERAL PUEYRREDON,MOVIMIENTO AVANZADA SOCIALISTA,2205.0,0.82
GENERAL PUEYRREDON,POLITICA OBRERA,1474.0,0.55
GENERAL PUEYRREDON,CONSTRUYENDO PORVENIR,1453.0,0.54
GENERAL PUEYRREDON,FRENTE PATRIOTA FEDERAL,933.0,0.35
GENERAL PUEYRREDON,VALORES REPUBLICANOS,867.0,0.32
GENERAL PUEYRREDON,PARTIDO TIEMPO DE TODOS,801.0,0.3
GENERAL PUEYRREDON,ES CON VOS ES CON NOSOTROS,793.0,0.29
GENERAL PUEYRREDON,UNION LIBERAL,258.0,0.09
GENERAL RODRIGUEZ,FUERZA PATRIA,24745.0,46.9
GENERAL RODRIGUEZ,LA LIBERTAD AVANZA,20603.0,39.05
GENERAL RODRIGUEZ,FTE DE IZQ. Y DE TRABAJADORES - UNIDAD,1564.0,2.96
GENERAL RODRIGUEZ,ES CON VOS ES CON NOSOTROS,1051.0,1.99
GENERAL RODRIGUEZ,SOMOS BUENOS AIRES,825.0,1.56
GENERAL RODRIGUEZ,UNION Y LIBERTAD,721.0,1.36
GENERAL RODRIGUEZ,UNION LIBERAL,632.0,1.19
GENERAL RODRIGUEZ,PARTIDO LIBERTARIO,565.0,1.07
GENERAL RODRIGUEZ,FRENTE PATRIOTA FEDERAL,533.0,1.01
GENERAL RODRIGUEZ,POTENCIA,479.0,0.9
GENERAL RODRIGUEZ,POLITICA OBRERA,243.0,0.46
GENERAL RODRIGUEZ,CONSTRUYENDO PORVENIR,211.0,0.39
GENERAL RODRIGUEZ,PARTIDO TIEMPO DE TODOS,204.0,0.38
GENERAL RODRIGUEZ,VALORES REPUBLICANOS,202.0,0.38
GENERAL RODRIGUEZ,MOVIMIENTO AVANZADA SOCIALISTA,173.0,0.32
GENERAL SAN MARTIN,FUERZA PATRIA,117503.0,53.12
GENERAL SAN MARTIN,LA LIBERTAD AVANZA,81586.0,36.88
GENERAL SAN MARTIN,FTE DE IZQ. Y DE TRABAJADORES - UNIDAD,7739.0,3.49
GENERAL SAN MARTIN,SOMOS BUENOS AIRES,4075.0,1.84
GENERAL SAN MARTIN,UNION Y LIBERTAD,2659.0,1.2
GENERAL SAN MARTIN,POTENCIA,1742.0,0.78
GENERAL SAN MARTIN,UNION LIBERAL,1185.0,0.53
GENERAL SAN MARTIN,POLITICA OBRERA,946.0,0.42
GENERAL SAN MARTIN,MOVIMIENTO AVANZADA SOCIALISTA,816.0,0.36
GENERAL SAN MARTIN,ES CON VOS ES CON NOSOTROS,798.0,0.36
GENERAL SAN MARTIN,CONSTRUYENDO PORVENIR,624.0,0.28
GENERAL SAN MARTIN,VALORES REPUBLICANOS,573.0,0.25
GENERAL SAN MARTIN,PARTIDO TIEMPO DE TODOS,468.0,0.21
GENERAL SAN MARTIN,FRENTE PATRIOTA FEDERAL,437.0,0.19
GENERAL SAN MARTIN,PARTIDO LIBERTARIO,15.0,0.01
GENERAL VIAMONTE,FUERZA PATRIA,4658.0,45.36
GENERAL VIAMONTE,SOMOS BUENOS AIRES,3164.0,30.81
GENERAL VIAMONTE,LA LIBERTAD AVANZA,2141.0,20.85
GENERAL VIAMONTE,FTE DE IZQ. Y DE TRABAJADORES - UNIDAD,58.0,0.56
GENERAL VIAMONTE,PARTIDO LIBERTARIO,56.0,0.54
GENERAL VIAMONTE,UNION Y LIBERTAD,33.0,0.32
GENERAL VIAMONTE,NUEVOS AIRES,26.0,0.25
GENERAL VIAMONTE,UNION LIBERAL,26.0,0.25
GENERAL VIAMONTE,POTENCIA,21.0,0.2
GENERAL VIAMONTE,FRENTE PATRIOTA FEDERAL,19.0,0.18
GENERAL VIAMONTE,ES CON VOS ES CON NOSOTROS,16.0,0.15
GENERAL VIAMONTE,VALORES REPUBLICANOS,16.0,0.15
GENERAL VIAMONTE,MOVIMIENTO AVANZADA SOCIALISTA,12.0,0.11
GENERAL VIAMONTE,POLITICA OBRERA,9.0,0.08
GENERAL VIAMONTE,CONSTRUYENDO PORVENIR,7.0,0.06
GENERAL VIAMONTE,PARTIDO TIEMPO DE TODOS,5.0,0.04
GENERAL VILLEGAS,LA LIBERTAD AVANZA,5437.0,38.18
GENERAL VILLEGAS,SOMOS BUENOS AIRES,4207.0,29.54
GENERAL VILLEGAS,FUERZA PATRIA,3186.0,22.37
GENERAL VILLEGAS,ES CON VOS ES CON NOSOTROS,736.0,5.16
GENERAL VILLEGAS,POTENCIA,117.0,0.82
GENERAL VILLEGAS,UNION Y LIBERTAD,113.0,0.79
GENERAL VILLEGAS,NUEVOS AIRES,78.0,0.54
GENERAL VILLEGAS,FTE DE IZQ. Y DE TRABAJADORES - UNIDAD,77.0,0.54
GENERAL VILLEGAS,VALORES REPUBLICANOS,76.0,0.53
GENERAL VILLEGAS,UNION LIBERAL,67.0,0.47
GENERAL VILLEGAS,CONSTRUYENDO PORVENIR,33.0,0.23
GENERAL VILLEGAS,MOVIMIENTO AVANZADA SOCIALISTA,32.0,0.22
GENERAL VILLEGAS,POLITICA OBRERA,32.0,0.22
GENERAL VILLEGAS,FRENTE PATRIOTA FEDERAL,23.0,0.16
GENERAL VILLEGAS,PARTIDO TIEMPO DE TODOS,23.0,0.16
GENERAL VILLEGAS,PARTIDO LIBERTARIO,2.0,0.01
HIPOLITO YRIGOYEN,FUERZA PATRIA,1944.0,43.1
HIPOLITO YRIGOYEN,LA LIBERTAD AVANZA,1913.0,42.41
HIPOLITO YRIGOYEN,SOMOS BUENOS AIRES,457.0,10.13
HIPOLITO YRIGOYEN,NUEVOS AIRES,36.0,0.79
HIPOLITO YRIGOYEN,FTE DE IZQ. Y DE TRABAJADORES - UNIDAD,35.0,0.77
HIPOLITO YRIGOYEN,UNION Y LIBERTAD,34.0,0.75
HIPOLITO YRIGOYEN,POTENCIA,22.0,0.48
HIPOLITO YRIGOYEN,VALORES REPUBLICANOS,14.0,0.31
HIPOLITO YRIGOYEN,ES CON VOS ES CON NOSOTROS,12.0,0.26
HIPOLITO YRIGOYEN,MOVIMIENTO AVANZADA SOCIALISTA,11.0,0.24
HIPOLITO YRIGOYEN,POLITICA OBRERA,10.0,0.22
HIPOLITO YRIGOYEN,CONSTRUYENDO PORVENIR,8.0,0.17
HIPOLITO YRIGOYEN,FRENTE PATRIOTA FEDERAL,6.0,0.13
HIPOLITO YRIGOYEN,PARTIDO TIEMPO DE TODOS,6.0,0.13
HIPOLITO YRIGOYEN,PARTIDO LIBERTARIO,1.0,0.02
HIPOLITO YRIGOYEN,UNION LIBERAL,1.0,0.02
HURLINGHAM,FUERZA PATRIA,44960.0,45.84
HURLINGHAM,LA LIBERTAD AVANZA,31990.0,32.62
HURLINGHAM,SOMOS BUENOS AIRES,11508.0,11.73
HURLINGHAM,FTE DE IZQ. Y DE TRABAJADORES - UNIDAD,4070.0,4.15
HURLINGHAM,UNION Y LIBERTAD,1048.0,1.06
HURLINGHAM,POTENCIA,929.0,0.94
HURLINGHAM,UNION LIBERAL,722.0,0.73
HURLINGHAM,POLITICA OBRERA,719.0,0.73
HURLINGHAM,ES CON VOS ES CON NOSOTROS,541.0,0.55
HURLINGHAM,MOVIMIENTO AVANZADA SOCIALISTA,463.0,0.47
HURLINGHAM,VALORES REPUBLICANOS,341.0,0.34
HURLINGHAM,CONSTRUYENDO PORVENIR,305.0,0.31
HURLINGHAM,PARTIDO TIEMPO DE TODOS,258.0,0.26
HURLINGHAM,FRENTE PATRIOTA FEDERAL,203.0,0.2
HURLINGHAM,PARTIDO LIBERTARIO,10.0,0.01
ITUZAINGO,FUERZA PATRIA,44287.0,47.66
ITUZAINGO,LA LIBERTAD AVANZA,35997.0,38.74
ITUZAINGO,FTE DE IZQ. Y DE TRABAJADORES - UNIDAD,5202.0,5.59
ITUZAINGO,SOMOS BUENOS AIRES,2116.0,2.27
ITUZAINGO,UNION Y LIBERTAD,1084.0,1.16
ITUZAINGO,POTENCIA,1009.0,1.08
ITUZAINGO,UNION LIBERAL,697.0,0.75
ITUZAINGO,POLITICA OBRERA,569.0,0.61
ITUZAINGO,ES CON VOS ES CON NOSOTROS,460.0,0.49
ITUZAINGO,VALORES REPUBLICANOS,368.0,0.39
ITUZAINGO,MOVIMIENTO AVANZADA SOCIALISTA,329.0,0.35
ITUZAINGO,CONSTRUYENDO PORVENIR,269.0,0.28
ITUZAINGO,PARTIDO TIEMPO DE TODOS,259.0,0.27
ITUZAINGO,FRENTE PATRIOTA FEDERAL,250.0,0.26
ITUZAINGO,PARTIDO LIBERTARIO,10.0,0.01
JOSE C. PAZ,FUERZA PATRIA,72489.0,52.85
JOSE C. PAZ,LA LIBERTAD AVANZA,38240.0,27.88
JOSE C. PAZ,FTE DE IZQ. Y DE TRABAJADORES - UNIDAD,7750.0,5.65
JOSE C. PAZ,SOMOS BUENOS AIRES,3777.0,2.75
JOSE C. PAZ,UNION Y LIBERTAD,2293.0,1.67
JOSE C. PAZ,PARTIDO LIBERTARIO,2250.0,1.64
JOSE C. PAZ,UNION LIBERAL,2025.0,1.47
JOSE C. PAZ,POLITICA OBRERA,1529.0,1.11
JOSE C. PAZ,FRENTE PATRIOTA FEDERAL,1475.0,1.07
JOSE C. PAZ,POTENCIA,1293.0,0.94
JOSE C. PAZ,VALORES REPUBLICANOS,961.0,0.7
JOSE C. PAZ,MOVIMIENTO AVANZADA SOCIALISTA,856.0,0.62
JOSE C. PAZ,ES CON VOS ES CON NOSOTROS,783.0,0.57
JOSE C. PAZ,CONSTRUYENDO PORVENIR,770.0,0.56
JOSE C. PAZ,PARTIDO TIEMPO DE TODOS,645.0,0.47
JUNIN,FUERZA PATRIA,18356.0,35.25
JUNIN,SOMOS BUENOS AIRES,15567.0,29.89
JUNIN,LA LIBERTAD AVANZA,12555.0,24.11
JUNIN,POTENCIA,1629.0,3.12
JUNIN,PARTIDO LIBERTARIO,942.0,1.8
JUNIN,FTE DE IZQ. Y DE TRABAJADORES - UNIDAD,843.0,1.61
JUNIN,UNION Y LIBERTAD,524.0,1.0
JUNIN,UNION LIBERAL,451.0,0.86
JUNIN,FRENTE PATRIOTA FEDERAL,217.0,0.41
JUNIN,NUEVOS AIRES,217.0,0.41
JUNIN,ES CON VOS ES CON NOSOTROS,179.0,0.34
JUNIN,VALORES REPUBLICANOS,149.0,0.28
JUNIN,POLITICA OBRERA,142.0,0.27
JUNIN,CONSTRUYENDO PORVENIR,118.0,0.22
JUNIN,MOVIMIENTO AVANZADA SOCIALISTA,116.0,0.22
JUNIN,PARTIDO TIEMPO DE TODOS,65.0,0.12
LA COSTA,FUERZA PATRIA,18167.0,41.26
LA COSTA,LA LIBERTAD AVANZA,13568.0,30.81
LA COSTA,SOMOS BUENOS AIRES,8156.0,18.52
LA COSTA,FTE DE IZQ. Y DE TRABAJADORES - UNIDAD,1468.0,3.33
LA COSTA,UNION Y LIBERTAD,1049.0,2.38
LA COSTA,CONSTRUYENDO PORVENIR,432.0,0.98
LA COSTA,POTENCIA,354.0,0.8
LA COSTA,POLITICA OBRERA,214.0,0.48
LA COSTA,FRENTE PATRIOTA FEDERAL,200.0,0.45
LA COSTA,MOVIMIENTO AVANZADA SOCIALISTA,174.0,0.39
LA COSTA,VALORES REPUBLICANOS,164.0,0.37
LA COSTA,PARTIDO TIEMPO DE TODOS,77.0,0.17
LA COSTA,PARTIDO LIBERTARIO,5.0,0.01
LA COSTA,ES CON VOS ES CON NOSOTROS,1.0,0.01
LA COSTA,UNION LIBERAL,1.0,0.01
LAS FLORES,LA LIBERTAD AVANZA,5603.0,46.48
LAS FLORES,FUERZA PATRIA,5445.0,45.17
LAS FLORES,FTE DE IZQ. Y DE TRABAJADORES - UNIDAD,322.0,2.67
LAS FLORES,SOMOS BUENOS AIRES,185.0,1.53
LAS FLORES,UNION Y LIBERTAD,125.0,1.03
LAS FLORES,POTENCIA,90.0,0.74
LAS FLORES,POLITICA OBRERA,85.0,0.7
LAS FLORES,MOVIMIENTO AVANZADA SOCIALISTA,55.0,0.45
LAS FLORES,VALORES REPUBLICANOS,51.0,0.42
LAS FLORES,CONSTRUYENDO PORVENIR,40.0,0.33
LAS FLORES,FRENTE PATRIOTA FEDERAL,26.0,0.21
LAS FLORES,PARTIDO TIEMPO DE TODOS,23.0,0.19
LAS FLORES,UNION LIBERAL,3.0,0.02
LAS FLORES,ES CON VOS ES CON NOSOTROS,0.0,0.0
LAS FLORES,PARTIDO LIBERTARIO,0.0,0.0
LEANDRO N. ALEM,FUERZA PATRIA,4619.0,49.23
LEANDRO N. ALEM,LA LIBERTAD AVANZA,2848.0,30.35
LEANDRO N. ALEM,SOMOS BUENOS AIRES,1430.0,15.24
LEANDRO N. ALEM,PARTIDO LIBERTARIO,171.0,1.82
LEANDRO N. ALEM,UNION Y LIBERTAD,67.0,0.71
LEANDRO N. ALEM,NUEVOS AIRES,43.0,0.45
LEANDRO N. ALEM,FTE DE IZQ. Y DE TRABAJADORES - UNIDAD,41.0,0.43
LEANDRO N. ALEM,POTENCIA,38.0,0.4
LEANDRO N. ALEM,CONSTRUYENDO PORVENIR,28.0,0.29
LEANDRO N. ALEM,ES CON VOS ES CON NOSOTROS,27.0,0.28
LEANDRO N. ALEM,POLITICA OBRERA,23.0,0.24
LEANDRO N. ALEM,MOVIMIENTO AVANZADA SOCIALISTA,17.0,0.18
LEANDRO N. ALEM,PARTIDO TIEMPO DE TODOS,15.0,0.15
LEANDRO N. ALEM,FRENTE PATRIOTA FEDERAL,9.0,0.09
LEANDRO N. ALEM,VALORES REPUBLICANOS,4.0,0.04
LEANDRO N. ALEM,UNION LIBERAL,1.0,0.01
LEZAMA,FUERZA PATRIA,1382.0,41.48
LEZAMA,SOMOS BUENOS AIRES,948.0,28.45
LEZAMA,LA LIBERTAD AVANZA,905.0,27.16
LEZAMA,FTE DE IZQ. Y DE TRABAJADORES - UNIDAD,39.0,1.17
LEZAMA,UNION Y LIBERTAD,22.0,0.66
LEZAMA,POTENCIA,12.0,0.36
LEZAMA,MOVIMIENTO AVANZADA SOCIALISTA,7.0,0.21
LEZAMA,VALORES REPUBLICANOS,6.0,0.18
LEZAMA,CONSTRUYENDO PORVENIR,3.0,0.09
LEZAMA,FRENTE PATRIOTA FEDERAL,3.0,0.09
LEZAMA,POLITICA OBRERA,3.0,0.09
LEZAMA,PARTIDO TIEMPO DE TODOS,1.0,0.03
LEZAMA,ES CON VOS ES CON NOSOTROS,0.0,0.0
LEZAMA,PARTIDO LIBERTARIO,0.0,0.0
LEZAMA,UNION LIBERAL,0.0,0.0
LINCOLN,LA LIBERTAD AVANZA,7176.0,37.3
LINCOLN,FUERZA PATRIA,6510.0,33.84
LINCOLN,SOMOS BUENOS AIRES,4428.0,23.01
LINCOLN,UNION LIBERAL,182.0,0.94
LINCOLN,FTE DE IZQ. Y DE TRABAJADORES - UNIDAD,162.0,0.84
LINCOLN,UNION Y LIBERTAD,157.0,0.81
LINCOLN,NUEVOS AIRES,153.0,0.79
LINCOLN,POTENCIA,140.0,0.72
LINCOLN,VALORES REPUBLICANOS,87.0,0.45
LINCOLN,ES CON VOS ES CON NOSOTROS,54.0,0.28
LINCOLN,POLITICA OBRERA,49.0,0.25
LINCOLN,MOVIMIENTO AVANZADA SOCIALISTA,40.0,0.2
LINCOLN,CONSTRUYENDO PORVENIR,36.0,0.18
LINCOLN,FRENTE PATRIOTA FEDERAL,30.0,0.15
LINCOLN,PARTIDO TIEMPO DE TODOS,30.0,0.15
LINCOLN,PARTIDO LIBERTARIO,2.0,0.01
LOBERIA,FUERZA PATRIA,3322.0,38.83
LOBERIA,SOMOS BUENOS AIRES,2652.0,30.99
LOBERIA,LA LIBERTAD AVANZA,2300.0,26.88
LOBERIA,UNION Y LIBERTAD,68.0,0.79
LOBERIA,FTE DE IZQ. Y DE TRABAJADORES - UNIDAD,62.0,0.72
LOBERIA,POLITICA OBRERA,33.0,0.38
LOBERIA,POTENCIA,32.0,0.37
LOBERIA,MOVIMIENTO AVANZADA SOCIALISTA,27.0,0.31
LOBERIA,FRENTE PATRIOTA FEDERAL,17.0,0.19
LOBERIA,VALORES REPUBLICANOS,17.0,0.19
LOBERIA,PARTIDO TIEMPO DE TODOS,13.0,0.15
LOBERIA,CONSTRUYENDO PORVENIR,12.0,0.14
LOBERIA,ES CON VOS ES CON NOSOTROS,0.0,0.0
LOBERIA,PARTIDO LIBERTARIO,0.0,0.0
LOBERIA,UNION LIBERAL,0.0,0.0
LUJAN,FUERZA PATRIA,29354.0,51.62
LUJAN,LA LIBERTAD AVANZA,20977.0,36.89
LUJAN,FTE DE IZQ. Y DE TRABAJADORES - UNIDAD,1428.0,2.51
LUJAN,SOMOS BUENOS AIRES,1165.0,2.04
LUJAN,UNION LIBERAL,1028.0,1.8
LUJAN,CONSTRUYENDO PORVENIR,720.0,1.26
LUJAN,UNION Y LIBERTAD,515.0,0.9
LUJAN,ES CON VOS ES CON NOSOTROS,449.0,0.78
LUJAN,POTENCIA,413.0,0.72
LUJAN,POLITICA OBRERA,222.0,0.39
LUJAN,PARTIDO TIEMPO DE TODOS,188.0,0.33
LUJAN,VALORES REPUBLICANOS,174.0,0.3
LUJAN,MOVIMIENTO AVANZADA SOCIALISTA,137.0,0.24
LUJAN,FRENTE PATRIOTA FEDERAL,83.0,0.14
LUJAN,PARTIDO LIBERTARIO,2.0,0.01
MAIPU,FUERZA PATRIA,2703.0,40.62
MAIPU,LA LIBERTAD AVANZA,1926.0,28.94
MAIPU,SOMOS BUENOS AIRES,1884.0,28.31
MAIPU,FTE DE IZQ. Y DE TRABAJADORES - UNIDAD,34.0,0.51
MAIPU,UNION Y LIBERTAD,22.0,0.33
MAIPU,POTENCIA,21.0,0.31
MAIPU,POLITICA OBRERA,15.0,0.22
MAIPU,VALORES REPUBLICANOS,15.0,0.22
MAIPU,MOVIMIENTO AVANZADA SOCIALISTA,13.0,0.19
MAIPU,CONSTRUYENDO PORVENIR,7.0,0.1
MAIPU,FRENTE PATRIOTA FEDERAL,7.0,0.1
MAIPU,PARTIDO TIEMPO DE TODOS,6.0,0.09
MAIPU,ES CON VOS ES CON NOSOTROS,0.0,0.0
MAIPU,PARTIDO LIBERTARIO,0.0,0.0
MAIPU,UNION LIBERAL,0.0,0.0
MALVINAS ARGENTINAS,FUERZA PATRIA,113863.0,65.51
MALVINAS ARGENTINAS,LA LIBERTAD AVANZA,43146.0,24.82
MALVINAS ARGENTINAS,FTE DE IZQ. Y DE TRABAJADORES - UNIDAD,4928.0,2.83
MALVINAS ARGENTINAS,SOMOS BUENOS AIRES,3953.0,2.27
MALVINAS ARGENTINAS,POTENCIA,1626.0,0.93
MALVINAS ARGENTINAS,UNION Y LIBERTAD,1553.0,0.89
MALVINAS ARGENTINAS,PARTIDO LIBERTARIO,830.0,0.47
MALVINAS ARGENTINAS,CONSTRUYENDO PORVENIR,657.0,0.37
MALVINAS ARGENTINAS,POLITICA OBRERA,637.0,0.36
MALVINAS ARGENTINAS,UNION LIBERAL,535.0,0.3
MALVINAS ARGENTINAS,MOVIMIENTO AVANZADA SOCIALISTA,510.0,0.29
MALVINAS ARGENTINAS,VALORES REPUBLICANOS,455.0,0.26
MALVINAS ARGENTINAS,ES CON VOS ES CON NOSOTROS,451.0,0.25
MALVINAS ARGENTINAS,FRENTE PATRIOTA FEDERAL,375.0,0.21
MALVINAS ARGENTINAS,PARTIDO TIEMPO DE TODOS,280.0,0.16
MAR CHIQUITA,FUERZA PATRIA,9517.0,49.91
MAR CHIQUITA,LA LIBERTAD AVANZA,6590.0,34.56
MAR CHIQUITA,SOMOS BUENOS AIRES,1331.0,6.98
MAR CHIQUITA,UNION LIBERAL,436.0,2.28
MAR CHIQUITA,FTE DE IZQ. Y DE TRABAJADORES - UNIDAD,350.0,1.83
MAR CHIQUITA,MOVIMIENTO AVANZADA SOCIALISTA,266.0,1.39
MAR CHIQUITA,PARTIDO LIBERTARIO,121.0,0.63
MAR CHIQUITA,POLITICA OBRERA,120.0,0.62
MAR CHIQUITA,UNION Y LIBERTAD,113.0,0.59
MAR CHIQUITA,POTENCIA,93.0,0.48
MAR CHIQUITA,VALORES REPUBLICANOS,40.0,0.2
MAR CHIQUITA,FRENTE PATRIOTA FEDERAL,37.0,0.19
MAR CHIQUITA,CONSTRUYENDO PORVENIR,33.0,0.17
MAR CHIQUITA,PARTIDO TIEMPO DE TODOS,18.0,0.09
MAR CHIQUITA,ES CON VOS ES CON NOSOTROS,0.0,0.0
MARCOS PAZ,FUERZA PATRIA,15903.0,52.03
MARCOS PAZ,LA LIBERTAD AVANZA,8728.0,28.55
MARCOS PAZ,VALORES REPUBLICANOS,2169.0,7.09
MARCOS PAZ,UNION Y LIBERTAD,1045.0,3.41
MARCOS PAZ,FTE DE IZQ. Y DE TRABAJADORES - UNIDAD,930.0,3.04
MARCOS PAZ,SOMOS BUENOS AIRES,545.0,1.78
MARCOS PAZ,UNION LIBERAL,329.0,1.07
MARCOS PAZ,POTENCIA,198.0,0.64
MARCOS PAZ,FRENTE PATRIOTA FEDERAL,160.0,0.52
MARCOS PAZ,POLITICA OBRERA,148.0,0.48
MARCOS PAZ,ES CON VOS ES CON NOSOTROS,122.0,0.39
MARCOS PAZ,MOVIMIENTO AVANZADA SOCIALISTA,105.0,0.34
MARCOS PAZ,CONSTRUYENDO PORVENIR,99.0,0.32
MARCOS PAZ,PARTIDO TIEMPO DE TODOS,81.0,0.26
MARCOS PAZ,PARTIDO LIBERTARIO,2.0,0.01
MERCEDES,FUERZA PATRIA,14450.0,42.58
MERCEDES,LA LIBERTAD AVANZA,14250.0,41.99
MERCEDES,SOMOS BUENOS AIRES,1112.0,3.27
MERCEDES,FTE DE IZQ. Y DE TRABAJADORES - UNIDAD,1040.0,3.06
MERCEDES,POTENCIA,803.0,2.36
MERCEDES,UNION Y LIBERTAD,736.0,2.16
MERCEDES,UNION LIBERAL,487.0,1.43
MERCEDES,POLITICA OBRERA,321.0,0.94
MERCEDES,ES CON VOS ES CON NOSOTROS,261.0,0.76
MERCEDES,PARTIDO TIEMPO DE TODOS,129.0,0.38
MERCEDES,VALORES REPUBLICANOS,96.0,0.28
MERCEDES,CONSTRUYENDO PORVENIR,90.0,0.26
MERCEDES,MOVIMIENTO AVANZADA SOCIALISTA,89.0,0.26
MERCEDES,FRENTE PATRIOTA FEDERAL,65.0,0.19
MERCEDES,PARTIDO LIBERTARIO,1.0,0.01
MERLO,FUERZA PATRIA,116849.0,49.47
MERLO,LA LIBERTAD AVANZA,74283.0,31.45
MERLO,FTE DE IZQ. Y DE TRABAJADORES - UNIDAD,15632.0,6.61
MERLO,SOMOS BUENOS AIRES,8511.0,3.6
MERLO,UNION Y LIBERTAD,3380.0,1.43
MERLO,FRENTE PATRIOTA FEDERAL,3125.0,1.32
MERLO,UNION LIBERAL,2900.0,1.22
MERLO,POLITICA OBRERA,2484.0,1.05
MERLO,POTENCIA,2390.0,1.01
MERLO,PARTIDO TIEMPO DE TODOS,1449.0,0.61
MERLO,VALORES REPUBLICANOS,1436.0,0.6
MERLO,MOVIMIENTO AVANZADA SOCIALISTA,1339.0,0.56
MERLO,ES CON VOS ES CON NOSOTROS,1253.0,0.53
MERLO,CONSTRUYENDO PORVENIR,1123.0,0.47
MERLO,PARTIDO LIBERTARIO,33.0,0.01
MONTE,FUERZA PATRIA,4830.0,40.35
MONTE,LA LIBERTAD AVANZA,3671.0,30.66
MONTE,SOMOS BUENOS AIRES,2730.0,22.8
MONTE,UNION LIBERAL,212.0,1.77
MONTE,FTE DE IZQ. Y DE TRABAJADORES - UNIDAD,148.0,1.23
MONTE,UNION Y LIBERTAD,102.0,0.85
MONTE,POTENCIA,64.0,0.53
MONTE,MOVIMIENTO AVANZADA SOCIALISTA,61.0,0.5
MONTE,POLITICA OBRERA,54.0,0.45
MONTE,VALORES REPUBLICANOS,32.0,0.26
MONTE,FRENTE PATRIOTA FEDERAL,25.0,0.2
MONTE,CONSTRUYENDO PORVENIR,20.0,0.16
MONTE,PARTIDO TIEMPO DE TODOS,20.0,0.16
MONTE,PARTIDO LIBERTARIO,1.0,0.01
MONTE,ES CON VOS ES CON NOSOTROS,0.0,0.0
MORENO,FUERZA PATRIA,123791.0,54.63
MORENO,LA LIBERTAD AVANZA,68485.0,30.22
MORENO,FTE DE IZQ. Y DE TRABAJADORES - UNIDAD,10033.0,4.42
MORENO,PARTIDO LIBERTARIO,4067.0,1.79
MORENO,SOMOS BUENOS AIRES,3528.0,1.55
MORENO,UNION Y LIBERTAD,2825.0,1.24
MORENO,UNION LIBERAL,2537.0,1.11
MORENO,POTENCIA,2536.0,1.11
MORENO,POLITICA OBRERA,1903.0,0.83
MORENO,ES CON VOS ES CON NOSOTROS,1656.0,0.73
MORENO,FRENTE PATRIOTA FEDERAL,1259.0,0.55
MORENO,VALORES REPUBLICANOS,1109.0,0.48
MORENO,MOVIMIENTO AVANZADA SOCIALISTA,1004.0,0.44
MORENO,CONSTRUYENDO PORVENIR,939.0,0.41
MORENO,PARTIDO TIEMPO DE TODOS,907.0,0.4
MORON,FUERZA PATRIA,78065.0,43.67
MORON,LA LIBERTAD AVANZA,71808.0,40.17
MORON,FTE DE IZQ. Y DE TRABAJADORES - UNIDAD,10330.0,5.77
MORON,SOMOS BUENOS AIRES,5990.0,3.35
MORON,POTENCIA,2209.0,1.23
MORON,UNION Y LIBERTAD,1972.0,1.1
MORON,UNION LIBERAL,1421.0,0.79
MORON,POLITICA OBRERA,1278.0,0.71
MORON,PARTIDO LIBERTARIO,1173.0,0.65
MORON,ES CON VOS ES CON NOSOTROS,980.0,0.54
MORON,MOVIMIENTO AVANZADA SOCIALISTA,924.0,0.51
MORON,VALORES REPUBLICANOS,821.0,0.45
MORON,PARTIDO TIEMPO DE TODOS,792.0,0.44
MORON,CONSTRUYENDO PORVENIR,547.0,0.3
MORON,FRENTE PATRIOTA FEDERAL,436.0,0.24
NAVARRO,FUERZA PATRIA,2988.0,36.48
NAVARRO,LA LIBERTAD AVANZA,2930.0,35.77
NAVARRO,SOMOS BUENOS AIRES,1546.0,18.87
NAVARRO,CONSTRUYENDO PORVENIR,266.0,3.24
NAVARRO,FTE DE IZQ. Y DE TRABAJADORES - UNIDAD,89.0,1.08
NAVARRO,UNION Y LIBERTAD,79.0,0.96
NAVARRO,POTENCIA,77.0,0.94
NAVARRO,UNION LIBERAL,62.0,0.75
NAVARRO,PARTIDO TIEMPO DE TODOS,34.0,0.41
NAVARRO,POLITICA OBRERA,33.0,0.4
NAVARRO,ES CON VOS ES CON NOSOTROS,32.0,0.39
NAVARRO,VALORES REPUBLICANOS,23.0,0.28
NAVARRO,MOVIMIENTO AVANZADA SOCIALISTA,18.0,0.21
NAVARRO,FRENTE PATRIOTA FEDERAL,12.0,0.14
NAVARRO,PARTIDO LIBERTARIO,0.0,0.0
NECOCHEA,LA LIBERTAD AVANZA,18744.0,47.26
NECOCHEA,FUERZA PATRIA,12593.0,31.75
NECOCHEA,SOMOS BUENOS AIRES,2550.0,6.42
NECOCHEA,POTENCIA,1394.0,3.51
NECOCHEA,UNION Y LIBERTAD,1355.0,3.41
NECOCHEA,FTE DE IZQ. Y DE TRABAJADORES - UNIDAD,1344.0,3.38
NECOCHEA,VALORES REPUBLICANOS,458.0,1.15
NECOCHEA,POLITICA OBRERA,365.0,0.92
NECOCHEA,FRENTE PATRIOTA FEDERAL,309.0,0.77
NECOCHEA,MOVIMIENTO AVANZADA SOCIALISTA,262.0,0.66
NECOCHEA,CONSTRUYENDO PORVENIR,186.0,0.46
NECOCHEA,PARTIDO TIEMPO DE TODOS,93.0,0.23
NECOCHEA,UNION LIBERAL,4.0,0.01
NECOCHEA,ES CON VOS ES CON NOSOTROS,2.0,0.01
NECOCHEA,PARTIDO LIBERTARIO,1.0,0.01
NUEVE DE JULIO,LA LIBERTAD AVANZA,8204.0,33.93
NUEVE DE JULIO,FUERZA PATRIA,6554.0,27.11
NUEVE DE JULIO,NUEVOS AIRES,3902.0,16.14
NUEVE DE JULIO,SOMOS BUENOS AIRES,2524.0,10.44
NUEVE DE JULIO,VALORES REPUBLICANOS,1650.0,6.82
NUEVE DE JULIO,UNION Y LIBERTAD,348.0,1.43
NUEVE DE JULIO,FTE DE IZQ. Y DE TRABAJADORES - UNIDAD,309.0,1.27
NUEVE DE JULIO,POTENCIA,206.0,0.85
NUEVE DE JULIO,ES CON VOS ES CON NOSOTROS,94.0,0.38
NUEVE DE JULIO,POLITICA OBRERA,81.0,0.33
NUEVE DE JULIO,MOVIMIENTO AVANZADA SOCIALISTA,76.0,0.31
NUEVE DE JULIO,CONSTRUYENDO PORVENIR,69.0,0.28
NUEVE DE JULIO,PARTIDO LIBERTARIO,60.0,0.24
NUEVE DE JULIO,PARTIDO TIEMPO DE TODOS,52.0,0.21
NUEVE DE JULIO,FRENTE PATRIOTA FEDERAL,43.0,0.17
NUEVE DE JULIO,UNION LIBERAL,2.0,0.01
OLAVARRIA,FUERZA PATRIA,22120.0,39.41
OLAVARRIA,LA LIBERTAD AVANZA,20830.0,37.11
OLAVARRIA,SOMOS BUENOS AIRES,4741.0,8.44
OLAVARRIA,FTE DE IZQ. Y DE TRABAJADORES - UNIDAD,1922.0,3.42
OLAVARRIA,UNION Y LIBERTAD,1677.0,2.98
OLAVARRIA,PARTIDO LIBERTARIO,1668.0,2.97
OLAVARRIA,POTENCIA,1628.0,2.9
OLAVARRIA,UNION LIBERAL,631.0,1.12
OLAVARRIA,VALORES REPUBLICANOS,234.0,0.41
OLAVARRIA,FRENTE PATRIOTA FEDERAL,190.0,0.33
OLAVARRIA,CONSTRUYENDO PORVENIR,184.0,0.32
OLAVARRIA,MOVIMIENTO AVANZADA SOCIALISTA,161.0,0.28
OLAVARRIA,PARTIDO TIEMPO DE TODOS,132.0,0.23
OLAVARRIA,ES CON VOS ES CON NOSOTROS,4.0,0.01
PEHUAJO,FUERZA PATRIA,11382.0,52.52
PEHUAJO,LA LIBERTAD AVANZA,6989.0,32.25
PEHUAJO,SOMOS BUENOS AIRES,1979.0,9.13
PEHUAJO,POTENCIA,547.0,2.52
PEHUAJO,UNION Y LIBERTAD,170.0,0.78
PEHUAJO,FTE DE IZQ. Y DE TRABAJADORES - UNIDAD,161.0,0.74
PEHUAJO,NUEVOS AIRES,84.0,0.38
PEHUAJO,VALORES REPUBLICANOS,81.0,0.37
PEHUAJO,ES CON VOS ES CON NOSOTROS,61.0,0.28
PEHUAJO,MOVIMIENTO AVANZADA SOCIALISTA,59.0,0.27
PEHUAJO,POLITICA OBRERA,57.0,0.26
PEHUAJO,FRENTE PATRIOTA FEDERAL,40.0,0.18
PEHUAJO,CONSTRUYENDO PORVENIR,30.0,0.13
PEHUAJO,PARTIDO TIEMPO DE TODOS,25.0,0.11
PEHUAJO,UNION LIBERAL,4.0,0.01
PEHUAJO,PARTIDO LIBERTARIO,0.0,0.0
PILA,FUERZA PATRIA,1331.0,53.34
PILA,LA LIBERTAD AVANZA,619.0,24.8
PILA,SOMOS BUENOS AIRES,487.0,19.51
PILA,UNION Y LIBERTAD,16.0,0.64
PILA,FTE DE IZQ. Y DE TRABAJADORES - UNIDAD,11.0,0.44
PILA,POLITICA OBRERA,10.0,0.4
PILA,POTENCIA,7.0,0.28
PILA,MOVIMIENTO AVANZADA SOCIALISTA,5.0,0.2
PILA,CONSTRUYENDO PORVENIR,3.0,0.12
PILA,FRENTE PATRIOTA FEDERAL,2.0,0.08
PILA,PARTIDO TIEMPO DE TODOS,2.0,0.08
PILA,VALORES REPUBLICANOS,2.0,0.08
PILA,ES CON VOS ES CON NOSOTROS,0.0,0.0
PILA,PARTIDO LIBERTARIO,0.0,0.0
PILA,UNION LIBERAL,0.0,0.0
PILAR,FUERZA PATRIA,107044.0,59.72
PILAR,LA LIBERTAD AVANZA,55821.0,31.14
PILAR,FTE DE IZQ. Y DE TRABAJADORES - UNIDAD,3478.0,1.94
PILAR,SOMOS BUENOS AIRES,2258.0,1.25
PILAR,CONSTRUYENDO PORVENIR,2054.0,1.14
PILAR,UNION Y LIBERTAD,1834.0,1.02
PILAR,UNION LIBERAL,1597.0,0.89
PILAR,PARTIDO LIBERTARIO,1121.0,0.62
PILAR,POTENCIA,1100.0,0.61
PILAR,POLITICA OBRERA,680.0,0.37
PILAR,MOVIMIENTO AVANZADA SOCIALISTA,611.0,0.34
PILAR,VALORES REPUBLICANOS,461.0,0.25
PILAR,PARTIDO TIEMPO DE TODOS,418.0,0.23
PILAR,ES CON VOS ES CON NOSOTROS,395.0,0.22
PILAR,FRENTE PATRIOTA FEDERAL,358.0,0.19
PINAMAR,LA LIBERTAD AVANZA,8650.0,51.08
PINAMAR,FUERZA PATRIA,5341.0,31.54
PINAMAR,SOMOS BUENOS AIRES,1348.0,7.96
PINAMAR,POTENCIA,577.0,3.4
PINAMAR,FTE DE IZQ. Y DE TRABAJADORES - UNIDAD,307.0,1.81
PINAMAR,UNION LIBERAL,186.0,1.09
PINAMAR,UNION Y LIBERTAD,130.0,0.76
PINAMAR,MOVIMIENTO AVANZADA SOCIALISTA,96.0,0.56
PINAMAR,POLITICA OBRERA,84.0,0.49
PINAMAR,CONSTRUYENDO PORVENIR,61.0,0.36
PINAMAR,VALORES REPUBLICANOS,60.0,0.35
PINAMAR,FRENTE PATRIOTA FEDERAL,53.0,0.31
PINAMAR,PARTIDO TIEMPO DE TODOS,30.0,0.17
PINAMAR,ES CON VOS ES CON NOSOTROS,7.0,0.04
PINAMAR,PARTIDO LIBERTARIO,1.0,0.01
RAUCH,FUERZA PATRIA,3979.0,44.53
RAUCH,SOMOS BUENOS AIRES,3342.0,37.4
RAUCH,LA LIBERTAD AVANZA,1384.0,15.48
RAUCH,FTE DE IZQ. Y DE TRABAJADORES - UNIDAD,54.0,0.6
RAUCH,POTENCIA,47.0,0.52
RAUCH,UNION Y LIBERTAD,39.0,0.43
RAUCH,POLITICA OBRERA,26.0,0.29
RAUCH,VALORES REPUBLICANOS,15.0,0.16
RAUCH,FRENTE PATRIOTA FEDERAL,14.0,0.15
RAUCH,MOVIMIENTO AVANZADA SOCIALISTA,13.0,0.14
RAUCH,CONSTRUYENDO PORVENIR,9.0,0.1
RAUCH,PARTIDO TIEMPO DE TODOS,6.0,0.06
RAUCH,UNION LIBERAL,6.0,0.06
RAUCH,PARTIDO LIBERTARIO,1.0,0.01
RAUCH,ES CON VOS ES CON NOSOTROS,0.0,0.0
RIVADAVIA,FUERZA PATRIA,4032.0,55.3
RIVADAVIA,LA LIBERTAD AVANZA,2433.0,33.37
RIVADAVIA,SOMOS BUENOS AIRES,524.0,7.18
RIVADAVIA,UNION Y LIBERTAD,100.0,1.37
RIVADAVIA,POTENCIA,36.0,0.49
RIVADAVIA,FTE DE IZQ. Y DE TRABAJADORES - UNIDAD,33.0,0.45
RIVADAVIA,VALORES REPUBLICANOS,30.0,0.41
RIVADAVIA,NUEVOS AIRES,27.0,0.37
RIVADAVIA,POLITICA OBRERA,20.0,0.27
RIVADAVIA,ES CON VOS ES CON NOSOTROS,18.0,0.24
RIVADAVIA,FRENTE PATRIOTA FEDERAL,17.0,0.23
RIVADAVIA,MOVIMIENTO AVANZADA SOCIALISTA,9.0,0.12
RIVADAVIA,CONSTRUYENDO PORVENIR,6.0,0.08
RIVADAVIA,PARTIDO TIEMPO DE TODOS,4.0,0.05
RIVADAVIA,UNION LIBERAL,1.0,0.01
RIVADAVIA,PARTIDO LIBERTARIO,0.0,0.0
ROQUE PEREZ,SOMOS BUENOS AIRES,1988.0,35.74
ROQUE PEREZ,FUERZA PATRIA,1654.0,29.73
ROQUE PEREZ,LA LIBERTAD AVANZA,1176.0,21.14
ROQUE PEREZ,POTENCIA,272.0,4.89
ROQUE PEREZ,UNION Y LIBERTAD,216.0,3.88
ROQUE PEREZ,CONSTRUYENDO PORVENIR,140.0,2.51
ROQUE PEREZ,FTE DE IZQ. Y DE TRABAJADORES - UNIDAD,56.0,1.0
ROQUE PEREZ,VALORES REPUBLICANOS,19.0,0.34
ROQUE PEREZ,MOVIMIENTO AVANZADA SOCIALISTA,17.0,0.3
ROQUE PEREZ,FRENTE PATRIOTA FEDERAL,13.0,0.23
ROQUE PEREZ,PARTIDO TIEMPO DE TODOS,11.0,0.19
ROQUE PEREZ,ES CON VOS ES CON NOSOTROS,0.0,0.0
ROQUE PEREZ,PARTIDO LIBERTARIO,0.0,0.0
ROQUE PEREZ,UNION LIBERAL,0.0,0.0
SALADILLO,SOMOS BUENOS AIRES,5422.0,30.93
SALADILLO,FUERZA PATRIA,5013.0,28.6
SALADILLO,LA LIBERTAD AVANZA,4475.0,25.53
SALADILLO,POTENCIA,1159.0,6.61
SALADILLO,UNION LIBERAL,660.0,3.76
SALADILLO,UNION Y LIBERTAD,308.0,1.75
SALADILLO,FTE DE IZQ. Y DE TRABAJADORES - UNIDAD,261.0,1.48
SALADILLO,MOVIMIENTO AVANZADA SOCIALISTA,54.0,0.3
SALADILLO,VALORES REPUBLICANOS,50.0,0.28
SALADILLO,CONSTRUYENDO PORVENIR,48.0,0.27
SALADILLO,FRENTE PATRIOTA FEDERAL,46.0,0.26
SALADILLO,PARTIDO TIEMPO DE TODOS,27.0,0.15
SALADILLO,PARTIDO LIBERTARIO,3.0,0.01
SALADILLO,ES CON VOS ES CON NOSOTROS,0.0,0.0
SAN CAYETANO,SOMOS BUENOS AIRES,1537.0,34.59
SAN CAYETANO,LA LIBERTAD AVANZA,1196.0,26.91
SAN CAYETANO,FUERZA PATRIA,1116.0,25.11
SAN CAYETANO,UNION Y LIBERTAD,533.0,11.99
SAN CAYETANO,FTE DE IZQ. Y DE TRABAJADORES - UNIDAD,16.0,0.36
SAN CAYETANO,POLITICA OBRERA,12.0,0.27
SAN CAYETANO,MOVIMIENTO AVANZADA SOCIALISTA,10.0,0.22
SAN CAYETANO,VALORES REPUBLICANOS,8.0,0.18
SAN CAYETANO,POTENCIA,7.0,0.15
SAN CAYETANO,CONSTRUYENDO PORVENIR,3.0,0.06
SAN CAYETANO,FRENTE PATRIOTA FEDERAL,3.0,0.06
SAN CAYETANO,PARTIDO TIEMPO DE TODOS,2.0,0.04
SAN CAYETANO,ES CON VOS ES CON NOSOTROS,0.0,0.0
SAN CAYETANO,PARTIDO LIBERTARIO,0.0,0.0
SAN CAYETANO,UNION LIBERAL,0.0,0.0
SAN FERNANDO,FUERZA PATRIA,46979.0,55.66
SAN FERNANDO,LA LIBERTAD AVANZA,26742.0,31.68
SAN FERNANDO,SOMOS BUENOS AIRES,2985.0,3.53
SAN FERNANDO,FTE DE IZQ. Y DE TRABAJADORES - UNIDAD,2123.0,2.51
SAN FERNANDO,UNION Y LIBERTAD,1417.0,1.67
SAN FERNANDO,POTENCIA,1265.0,1.49
SAN FERNANDO,PARTIDO LIBERTARIO,1033.0,1.22
SAN FERNANDO,UNION LIBERAL,394.0,0.46
SAN FERNANDO,POLITICA OBRERA,322.0,0.38
SAN FERNANDO,ES CON VOS ES CON NOSOTROS,271.0,0.32
SAN FERNANDO,MOVIMIENTO AVANZADA SOCIALISTA,265.0,0.31
SAN FERNANDO,PARTIDO TIEMPO DE TODOS,161.0,0.19
SAN FERNANDO,CONSTRUYENDO PORVENIR,152.0,0.18
SAN FERNANDO,VALORES REPUBLICANOS,146.0,0.17
SAN FERNANDO,FRENTE PATRIOTA FEDERAL,137.0,0.16
SAN ISIDRO,LA LIBERTAD AVANZA,91071.0,57.37
SAN ISIDRO,FUERZA PATRIA,44505.0,28.03
SAN ISIDRO,FTE DE IZQ. Y DE TRABAJADORES - UNIDAD,6537.0,4.11
SAN ISIDRO,SOMOS BUENOS AIRES,6537.0,4.11
SAN ISIDRO,POTENCIA,2651.0,1.67
SAN ISIDRO,UNION Y LIBERTAD,2041.0,1.28
SAN ISIDRO,UNION LIBERAL,1148.0,0.72
SAN ISIDRO,CONSTRUYENDO PORVENIR,886.0,0.55
SAN ISIDRO,POLITICA OBRERA,817.0,0.51
SAN ISIDRO,MOVIMIENTO AVANZADA SOCIALISTA,713.0,0.44
SAN ISIDRO,ES CON VOS ES CON NOSOTROS,655.0,0.41
SAN ISIDRO,VALORES REPUBLICANOS,467.0,0.29
SAN ISIDRO,PARTIDO TIEMPO DE TODOS,431.0,0.27
SAN ISIDRO,FRENTE PATRIOTA FEDERAL,252.0,0.15
SAN ISIDRO,PARTIDO LIBERTARIO,9.0,0.01
SAN MIGUEL,FUERZA PATRIA,56760.0,48.45
SAN MIGUEL,LA LIBERTAD AVANZA,44541.0,38.02
SAN MIGUEL,FTE DE IZQ. Y DE TRABAJADORES - UNIDAD,5613.0,4.79
SAN MIGUEL,SOMOS BUENOS AIRES,2251.0,1.92
SAN MIGUEL,POTENCIA,1848.0,1.57
SAN MIGUEL,UNION Y LIBERTAD,1766.0,1.5
SAN MIGUEL,ES CON VOS ES CON NOSOTROS,691.0,0.58
SAN MIGUEL,UNION LIBERAL,642.0,0.54
SAN MIGUEL,POLITICA OBRERA,631.0,0.53
SAN MIGUEL,MOVIMIENTO AVANZADA SOCIALISTA,610.0,0.52
SAN MIGUEL,CONSTRUYENDO PORVENIR,461.0,0.39
SAN MIGUEL,PARTIDO TIEMPO DE TODOS,451.0,0.38
SAN MIGUEL,FRENTE PATRIOTA FEDERAL,437.0,0.37
SAN MIGUEL,VALORES REPUBLICANOS,409.0,0.34
SAN MIGUEL,PARTIDO LIBERTARIO,18.0,0.01
SUIPACHA,FUERZA PATRIA,2570.0,39.55
SUIPACHA,POTENCIA,1859.0,28.6
SUIPACHA,LA LIBERTAD AVANZA,1759.0,27.06
SUIPACHA,FTE DE IZQ. Y DE TRABAJADORES - UNIDAD,80.0,1.23
SUIPACHA,UNION Y LIBERTAD,44.0,0.67
SUIPACHA,SOMOS BUENOS AIRES,41.0,0.63
SUIPACHA,UNION LIBERAL,27.0,0.41
SUIPACHA,ES CON VOS ES CON NOSOTROS,21.0,0.32
SUIPACHA,POLITICA OBRERA,19.0,0.29
SUIPACHA,CONSTRUYENDO PORVENIR,18.0,0.27
SUIPACHA,MOVIMIENTO AVANZADA SOCIALISTA,17.0,0.26
SUIPACHA,PARTIDO TIEMPO DE TODOS,16.0,0.24
SUIPACHA,VALORES REPUBLICANOS,15.0,0.23
SUIPACHA,FRENTE PATRIOTA FEDERAL,12.0,0.18
SUIPACHA,PARTIDO LIBERTARIO,0.0,0.0
TANDIL,LA LIBERTAD AVANZA,27583.0,41.18
TANDIL,FUERZA PATRIA,24903.0,37.18
TANDIL,SOMOS BUENOS AIRES,8644.0,12.9
TANDIL,POTENCIA,1803.0,2.69
TANDIL,FTE DE IZQ. Y DE TRABAJADORES - UNIDAD,1672.0,2.49
TANDIL,UNION Y LIBERTAD,446.0,0.66
TANDIL,POLITICA OBRERA,390.0,0.58
TANDIL,UNION LIBERAL,372.0,0.55
TANDIL,MOVIMIENTO AVANZADA SOCIALISTA,285.0,0.42
TANDIL,VALORES REPUBLICANOS,254.0,0.37
TANDIL,PARTIDO LIBERTARIO,218.0,0.32
TANDIL,CONSTRUYENDO PORVENIR,162.0,0.24
TANDIL,FRENTE PATRIOTA FEDERAL,141.0,0.21
TANDIL,PARTIDO TIEMPO DE TODOS,94.0,0.14
TANDIL,ES CON VOS ES CON NOSOTROS,10.0,0.01
TAPALQUE,FUERZA PATRIA,2412.0,45.07
TAPALQUE,LA LIBERTAD AVANZA,1378.0,25.75
TAPALQUE,SOMOS BUENOS AIRES,1086.0,20.29
TAPALQUE,UNION LIBERAL,220.0,4.11
TAPALQUE,UNION Y LIBERTAD,106.0,1.98
TAPALQUE,POTENCIA,45.0,0.84
TAPALQUE,FTE DE IZQ. Y DE TRABAJADORES - UNIDAD,38.0,0.71
TAPALQUE,FRENTE PATRIOTA FEDERAL,19.0,0.35
TAPALQUE,VALORES REPUBLICANOS,15.0,0.28
TAPALQUE,MOVIMIENTO AVANZADA SOCIALISTA,14.0,0.26
TAPALQUE,CONSTRUYENDO PORVENIR,11.0,0.2
TAPALQUE,PARTIDO TIEMPO DE TODOS,7.0,0.13
TAPALQUE,ES CON VOS ES CON NOSOTROS,0.0,0.0
TAPALQUE,PARTIDO LIBERTARIO,0.0,0.0
TIGRE,FUERZA PATRIA,70194.0,35.23
TIGRE,LA LIBERTAD AVANZA,69369.0,34.81
TIGRE,SOMOS BUENOS AIRES,38461.0,19.3
TIGRE,FTE DE IZQ. Y DE TRABAJADORES - UNIDAD,7104.0,3.56
TIGRE,PARTIDO LIBERTARIO,4831.0,2.42
TIGRE,POTENCIA,2453.0,1.23
TIGRE,UNION Y LIBERTAD,2102.0,1.05
TIGRE,UNION LIBERAL,998.0,0.5
TIGRE,POLITICA OBRERA,790.0,0.39
TIGRE,PARTIDO TIEMPO DE TODOS,600.0,0.3
TIGRE,CONSTRUYENDO PORVENIR,596.0,0.29
TIGRE,ES CON VOS ES CON NOSOTROS,528.0,0.26
TIGRE,MOVIMIENTO AVANZADA SOCIALISTA,495.0,0.24
TIGRE,VALORES REPUBLICANOS,391.0,0.19
TIGRE,FRENTE PATRIOTA FEDERAL,327.0,0.16
TORDILLO,FUERZA PATRIA,788.0,45.23
TORDILLO,LA LIBERTAD AVANZA,703.0,40.35
TORDILLO,SOMOS BUENOS AIRES,219.0,12.57
TORDILLO,UNION Y LIBERTAD,13.0,0.74
TORDILLO,FTE DE IZQ. Y DE TRABAJADORES - UNIDAD,5.0,0.28
TORDILLO,POLITICA OBRERA,5.0,0.28
TORDILLO,POTENCIA,4.0,0.22
TORDILLO,FRENTE PATRIOTA FEDERAL,2.0,0.11
TORDILLO,VALORES REPUBLICANOS,2.0,0.11
TORDILLO,MOVIMIENTO AVANZADA SOCIALISTA,1.0,0.05
TORDILLO,CONSTRUYENDO PORVENIR,0.0,0.0
TORDILLO,ES CON VOS ES CON NOSOTROS,0.0,0.0
TORDILLO,PARTIDO LIBERTARIO,0.0,0.0
TORDILLO,PARTIDO TIEMPO DE TODOS,0.0,0.0
TORDILLO,UNION LIBERAL,0.0,0.0
TRENQUE LAUQUEN,LA LIBERTAD AVANZA,7615.0,34.32
TRENQUE LAUQUEN,FUERZA PATRIA,6884.0,31.02
TRENQUE LAUQUEN,SOMOS BUENOS AIRES,6086.0,27.43
TRENQUE LAUQUEN,UNION LIBERAL,435.0,1.96
TRENQUE LAUQUEN,UNION Y LIBERTAD,213.0,0.96
TRENQUE LAUQUEN,FTE DE IZQ. Y DE TRABAJADORES - UNIDAD,187.0,0.84
TRENQUE LAUQUEN,NUEVOS AIRES,178.0,0.8
TRENQUE LAUQUEN,POTENCIA,155.0,0.69
TRENQUE LAUQUEN,VALORES REPUBLICANOS,113.0,0.5
TRENQUE LAUQUEN,ES CON VOS ES CON NOSOTROS,63.0,0.28
TRENQUE LAUQUEN,MOVIMIENTO AVANZADA SOCIALISTA,58.0,0.26
TRENQUE LAUQUEN,POLITICA OBRERA,58.0,0.26
TRENQUE LAUQUEN,CONSTRUYENDO PORVENIR,50.0,0.22
TRENQUE LAUQUEN,PARTIDO TIEMPO DE TODOS,46.0,0.2
TRENQUE LAUQUEN,FRENTE PATRIOTA FEDERAL,44.0,0.19
TRENQUE LAUQUEN,PARTIDO LIBERTARIO,1.0,0.01
TRES DE FEBRERO,LA LIBERTAD AVANZA,84449.0,46.33
TRES DE FEBRERO,FUERZA PATRIA,77078.0,42.28
TRES DE FEBRERO,FTE DE IZQ. Y DE TRABAJADORES - UNIDAD,8670.0,4.75
TRES DE FEBRERO,SOMOS BUENOS AIRES,3940.0,2.16
TRES DE FEBRERO,POTENCIA,1788.0,0.98
TRES DE FEBRERO,UNION LIBERAL,988.0,0.54
TRES DE FEBRERO,POLITICA OBRERA,980.0,0.53
TRES DE FEBRERO,UNION Y LIBERTAD,878.0,0.48
TRES DE FEBRERO,MOVIMIENTO AVANZADA SOCIALISTA,839.0,0.46
TRES DE FEBRERO,ES CON VOS ES CON NOSOTROS,711.0,0.39
TRES DE FEBRERO,FRENTE PATRIOTA FEDERAL,599.0,0.32
TRES DE FEBRERO,VALORES REPUBLICANOS,548.0,0.3
TRES DE FEBRERO,CONSTRUYENDO PORVENIR,421.0,0.23
TRES DE FEBRERO,PARTIDO TIEMPO DE TODOS,376.0,0.2
TRES DE FEBRERO,PARTIDO LIBERTARIO,6.0,0.01
VEINTICINCO DE MAYO,FUERZA PATRIA,6819.0,46.97
VEINTICINCO DE MAYO,LA LIBERTAD AVANZA,4310.0,29.68
VEINTICINCO DE MAYO,SOMOS BUENOS AIRES,2032.0,13.99
VEINTICINCO DE MAYO,UNION Y LIBERTAD,295.0,2.03
VEINTICINCO DE MAYO,PARTIDO LIBERTARIO,274.0,1.88
VEINTICINCO DE MAYO,FTE DE IZQ. Y DE TRABAJADORES - UNIDAD,273.0,1.88
VEINTICINCO DE MAYO,POTENCIA,238.0,1.63
VEINTICINCO DE MAYO,VALORES REPUBLICANOS,68.0,0.46
VEINTICINCO DE MAYO,MOVIMIENTO AVANZADA SOCIALISTA,58.0,0.39
VEINTICINCO DE MAYO,CONSTRUYENDO PORVENIR,56.0,0.38
VEINTICINCO DE MAYO,PARTIDO TIEMPO DE TODOS,47.0,0.32
VEINTICINCO DE MAYO,FRENTE PATRIOTA FEDERAL,46.0,0.31
VEINTICINCO DE MAYO,UNION LIBERAL,1.0,0.01
VEINTICINCO DE MAYO,ES CON VOS ES CON NOSOTROS,0.0,0.0
VICENTE LOPEZ,LA LIBERTAD AVANZA,82315.0,54.7
VICENTE LOPEZ,FUERZA PATRIA,43172.0,28.69
VICENTE LOPEZ,FTE DE IZQ. Y DE TRABAJADORES - UNIDAD,8181.0,5.43
VICENTE LOPEZ,SOMOS BUENOS AIRES,7450.0,4.95
VICENTE LOPEZ,POTENCIA,2557.0,1.69
VICENTE LOPEZ,UNION Y LIBERTAD,1904.0,1.26
VICENTE LOPEZ,ES CON VOS ES CON NOSOTROS,1078.0,0.71
VICENTE LOPEZ,MOVIMIENTO AVANZADA SOCIALISTA,1004.0,0.66
VICENTE LOPEZ,POLITICA OBRERA,657.0,0.43
VICENTE LOPEZ,PARTIDO TIEMPO DE TODOS,578.0,0.38
VICENTE LOPEZ,UNION LIBERAL,530.0,0.35
VICENTE LOPEZ,VALORES REPUBLICANOS,412.0,0.27
VICENTE LOPEZ,CONSTRUYENDO PORVENIR,364.0,0.24
VICENTE LOPEZ,FRENTE PATRIOTA FEDERAL,258.0,0.17
VICENTE LOPEZ,PARTIDO LIBERTARIO,14.0,0.01
VILLA GESELL,LA LIBERTAD AVANZA,7263.0,38.4
VILLA GESELL,FUERZA PATRIA,6341.0,33.53
VILLA GESELL,SOMOS BUENOS AIRES,2268.0,11.99
VILLA GESELL,UNION Y LIBERTAD,1740.0,9.2
VILLA GESELL,FTE DE IZQ. Y DE TRABAJADORES - UNIDAD,532.0,2.81
VILLA GESELL,POTENCIA,288.0,1.52
VILLA GESELL,FRENTE PATRIOTA FEDERAL,141.0,0.74
VILLA GESELL,UNION LIBERAL,93.0,0.49
VILLA GESELL,POLITICA OBRERA,80.0,0.42
VILLA GESELL,MOVIMIENTO AVANZADA SOCIALISTA,70.0,0.37
VILLA GESELL,CONSTRUYENDO PORVENIR,36.0,0.19
VILLA GESELL,VALORES REPUBLICANOS,36.0,0.19
VILLA GESELL,PARTIDO TIEMPO DE TODOS,20.0,0.1
VILLA GESELL,PARTIDO LIBERTARIO,2.0,0.01
VILLA GESELL,ES CON VOS ES CON NOSOTROS,1.0,0.01
